"strategy","legacy_fallback","elapsed_sec_median","user_sec_median","system_sec_median","elapsed_sec_mean","elapsed_sec_sd","n_reps"
"chunkwise",FALSE,0.0835000000000017,0.0945,0.013,0.0902000000000003,0.0199877740409259,10
"runwise",FALSE,0.0665000000000004,0.0724999999999998,0.00700000000000001,0.0860000000000001,0.0594287622097059,10
"chunkwise",TRUE,0.0839999999999996,0.0934999999999988,0.013,0.0838999999999999,0.00172884033065207,10
"runwise",TRUE,0.0660000000000007,0.0705,0.00749999999999998,0.0662000000000001,0.00131656117720888,10
